-- University DB

DROP DATABASE university;

CREATE DATABASE university;

USE university;

CREATE TABLE student
(
	id INT AUTO_INCREMENT,
	firstName VARCHAR(255) NOT NULL,
	secondName VARCHAR(255) NOT NULL,
	surname VARCHAR(255) NOT NULL,
	department VARCHAR(255) NOT NULL,
	attendYear INT NOT NULL,
	educationForm VARCHAR(255) NOT NULL,
	groupNumber INT NOT NULL,
	studentId VARCHAR(255) NOT NULL,
	PRIMARY KEY (id)
);

CREATE TABLE discipline
(
	id INT AUTO_INCREMENT,
	name VARCHAR(255) NOT NULL,
	hours INT NOT NULL,
	reportingForm VARCHAR(255) NOT NULL,
	PRIMARY KEY (id)
);

CREATE TABLE studyPlan
(
	id INT AUTO_INCREMENT,
	department VARCHAR(255) NOT NULL,
	disciplineId INT NOT NULL,
	term INT NOT NULL,
	PRIMARY KEY (id),
	FOREIGN KEY (disciplineId) REFERENCES discipline(id)
		ON UPDATE CASCADE
);

CREATE TABLE gradebook
(
	id INT AUTO_INCREMENT,
	year INT NOT NULL,
	term INT NOT NULL,
	studentId INT NOT NULL,
	discipline VARCHAR(255) NOT NULL,
	grade INT NOT NULL,
	PRIMARY KEY (id),
	FOREIGN KEY (studentId) REFERENCES student(id)
		ON UPDATE CASCADE
);

INSERT INTO student(firstName, secondName, surname, department, attendYear, educationForm, groupNumber, studentId)
VALUES ('Илларион', 'Владимирович', 'Филиппов', 'Физика', 2018, 'дневная', 7211, 820001),
('Эдуард', 'Серапионович', 'Дмитриев', 'Физика', 2018, 'дневная', 7211, 820002),
('Тихон', 'Гордеевич', 'Блохин', 'Физика', 2018, 'дневная', 7211, 820003),
('Ким', 'Юрьевич', 'Федотов', 'Физика', 2018, 'заочная', 7211, 820004),
('Кондратий', 'Христофорович', 'Носков', 'Физика', 2018, 'заочная', 7211, 820005),
('Максим', 'Лаврентьевич', 'Русаков', 'Математика', 2018, 'заочная', 5312, 820006),
('Остап', 'Геннадиевич', 'Ситников', 'Математика', 2018, 'заочная', 5312, 820007),
('Бронислав', 'Фролович', 'Александров', 'Математика', 2018, 'дневная', 5312, 820008),
('Семен', 'Аркадьевич', 'Медведев', 'Математика', 2018, 'дневная', 5312, 820009),
('Ярослав', 'Глебович', 'Кондратьев', 'Математика', 2018, 'дневная', 5312, 820010),
('Кондратий', 'Семёнович', 'Новиков', 'Химия', 2018, 'дневная', 2313, 820011),
('Савелий', 'Демьянович', 'Шашков', 'Химия', 2018, 'дневная', 2313, 820012),
('Николай', 'Куприянович', 'Тетерин', 'Химия', 2018, 'заочная', 2313, 820013),
('Фрол', 'Демьянович', 'Комаров', 'Химия', 2018, 'дневная', 2313, 820014),
('Виталий', 'Сергеевич', 'Шестаков', 'Химия', 2018, 'дневная', 2313, 820015),
('Герда', 'Юрьевна', 'Громова', 'Физика', 2018, 'заочная', 7211, 820016),
('Марфа', 'Григорьевна', 'Муравьёва', 'Физика', 2018, 'дневная', 7211, 820017),
('Эстелла', 'Протасьевна', 'Мельникова', 'Физика', 2018, 'дневная', 7211, 820018),
('Марина', 'Сергеевна', 'Капустина', 'Физика', 2018, 'дневная', 7211, 820019),
('Фаина', 'Юрьевна', 'Евсеева', 'Физика', 2018, 'дневная', 7211, 820020),
('Кара', 'Мэлсовна', 'Жданова', 'Математика', 2018, 'заочная', 5312, 820021),
('Никки', 'Христофоровна', 'Владимирова', 'Математика', 2018, 'дневная', 5312, 820022),
('Виолетта', 'Витальевна', 'Дементьева', 'Математика', 2018, 'заочная', 5312, 820023),
('Эдилия', 'Алексеевна', 'Игнатьева', 'Математика', 2018, 'дневная', 5312, 820024),
('Эдилия', 'Артёмовна', 'Иванкова', 'Математика', 2018, 'заочная', 5312, 820025),
('Доля', 'Филатовна', 'Костина', 'Химия', 2018, 'вечерняя', 2313, 820026),
('Евгения', 'Олеговна', 'Андреева', 'Химия', 2018, 'дневная', 2313, 820027),
('Нила', 'Борисовна', 'Авдеева', 'Химия', 2018, 'дневная', 2313, 820028),
('Фия', 'Натановна', 'Гаврилова', 'Химия', 2018, 'дневная', 2313, 820029),
('Версавия', 'Борисовна', 'Симонова', 'Химия', 2018, 'вечерняя', 2313, 820030);

INSERT INTO discipline(name, hours, reportingForm)
VALUES ('Молекулярная физика', 62, 'экзамен'),
('Математический анализ', 72, 'экзамен'),
('Электродинамика', 68, 'экзамен'),
('Философия', 34, 'диф.зачет'),
('Математическая логика', 72, 'экзамен'),
('Высшая алгебра', 68, 'экзамен'),
('Органическая химия', 72, 'экзамен'),
('Биохимия', 72, 'экзамен'),
('Основы молекулярной биологии', 56, 'экзамен');

INSERT INTO studyPlan(department, disciplineId, term)
VALUES ('Физика', 1, 1),
('Физика', 2, 1),
('Физика', 3, 2),
('Физика', 4, 2),
('Математика', 2, 1),
('Математика', 5, 1),
('Математика', 6, 2),
('Математика', 4, 2),
('Химия', 7, 1),
('Химия', 8, 1),
('Химия', 9, 2),
('Химия', 4, 2);

INSERT INTO gradebook(year, term, studentId, discipline, grade)
VALUES (2018, 1, 1, 'Математический анализ', 4),
(2018, 1, 2, 'Математический анализ', 3),
(2018, 1, 3, 'Математический анализ', 5),
(2018, 1, 4, 'Математический анализ', 3),
(2018, 1, 5, 'Математический анализ', 5),
(2018, 1, 16, 'Математический анализ', 4),
(2018, 1, 17, 'Математический анализ', 4),
(2018, 1, 18, 'Математический анализ', 4),
(2018, 1, 19, 'Математический анализ', 4),
(2018, 1, 20, 'Математический анализ', 4),
(2018, 1, 6, 'Математический анализ', 4),
(2018, 1, 7, 'Математический анализ', 5),
(2018, 1, 8, 'Математический анализ', 3),
(2018, 1, 9, 'Математический анализ', 4),
(2018, 1, 10, 'Математический анализ', 3),
(2018, 1, 21, 'Математический анализ', 4),
(2018, 1, 22, 'Математический анализ', 5),
(2018, 1, 23, 'Математический анализ', 5),
(2018, 1, 24, 'Математический анализ', 4),
(2018, 1, 25, 'Математический анализ', 5),
(2018, 1, 11, 'Органическая химия', 3),
(2018, 1, 12, 'Органическая химия', 5),
(2018, 1, 13, 'Органическая химия', 4),
(2018, 1, 14, 'Органическая химия', 4),
(2018, 1, 15, 'Органическая химия', 3),
(2018, 1, 26, 'Органическая химия', 3),
(2018, 1, 27, 'Органическая химия', 4),
(2018, 1, 28, 'Органическая химия', 5),
(2018, 1, 29, 'Органическая химия', 5),
(2018, 1, 30, 'Органическая химия', 4),
(2018, 2, 1, 'Электродинамика', 5),
(2018, 2, 2, 'Электродинамика', 4),
(2018, 2, 3, 'Электродинамика', 5),
(2018, 2, 4, 'Электродинамика', 4),
(2018, 2, 5, 'Электродинамика', 4),
(2018, 2, 16, 'Электродинамика', 4),
(2018, 2, 17, 'Электродинамика', 4),
(2018, 2, 18, 'Электродинамика', 4),
(2018, 2, 19, 'Электродинамика', 5),
(2018, 2, 20, 'Электродинамика', 3),
(2018, 2, 6, 'Высшая алгебра', 4),
(2018, 2, 7, 'Высшая алгебра', 4),
(2018, 2, 8, 'Высшая алгебра', 5),
(2018, 2, 9, 'Высшая алгебра', 5),
(2018, 2, 10, 'Высшая алгебра', 4),
(2018, 2, 21, 'Высшая алгебра', 4),
(2018, 2, 22, 'Высшая алгебра', 4),
(2018, 2, 23, 'Высшая алгебра', 5),
(2018, 2, 24, 'Высшая алгебра', 5),
(2018, 2, 25, 'Высшая алгебра', 5),
(2018, 2, 11, 'Основы молекулярной биологии', 5),
(2018, 2, 12, 'Основы молекулярной биологии', 3),
(2018, 2, 13, 'Основы молекулярной биологии', 4),
(2018, 2, 14, 'Основы молекулярной биологии', 4),
(2018, 2, 15, 'Основы молекулярной биологии', 3),
(2018, 2, 26, 'Основы молекулярной биологии', 3),
(2018, 2, 27, 'Основы молекулярной биологии', 5),
(2018, 2, 28, 'Основы молекулярной биологии', 4),
(2018, 2, 29, 'Основы молекулярной биологии', 5),
(2018, 2, 30, 'Основы молекулярной биологии', 5),
(2019, 1, 1, 'Молекулярная физика', 4),
(2019, 1, 2, 'Молекулярная физика', 5),
(2019, 1, 3, 'Молекулярная физика', 4),
(2019, 1, 4, 'Молекулярная физика', 3),
(2019, 1, 5, 'Молекулярная физика', 4),
(2019, 1, 16, 'Молекулярная физика', 5),
(2019, 1, 17, 'Молекулярная физика', 4),
(2019, 1, 18, 'Молекулярная физика', 4),
(2019, 1, 19, 'Молекулярная физика', 3),
(2019, 1, 20, 'Молекулярная физика', 5),
(2019, 1, 6, 'Математическая логика', 4),
(2019, 1, 7, 'Математическая логика', 5),
(2019, 1, 8, 'Математическая логика', 4),
(2019, 1, 9, 'Математическая логика', 4),
(2019, 1, 10, 'Математическая логика', 5),
(2019, 1, 21, 'Математическая логика', 4),
(2019, 1, 22, 'Математическая логика', 5),
(2019, 1, 23, 'Математическая логика', 4),
(2019, 1, 24, 'Математическая логика', 3),
(2019, 1, 25, 'Математическая логика', 5),
(2019, 1, 11, 'Биохимия', 4),
(2019, 1, 12, 'Биохимия', 4),
(2019, 1, 13, 'Биохимия', 3),
(2019, 1, 14, 'Биохимия', 5),
(2019, 1, 15, 'Биохимия', 4),
(2019, 1, 26, 'Биохимия', 5),
(2019, 1, 27, 'Биохимия', 3),
(2019, 1, 28, 'Биохимия', 4),
(2019, 1, 29, 'Биохимия', 5),
(2019, 1, 30, 'Биохимия', 5),
(2019, 2, 1, 'Философия', 5),
(2019, 2, 2, 'Философия', 4),
(2019, 2, 3, 'Философия', 4),
(2019, 2, 4, 'Философия', 4),
(2019, 2, 5, 'Философия', 5),
(2019, 2, 16, 'Философия', 4),
(2019, 2, 17, 'Философия', 4),
(2019, 2, 18, 'Философия', 4),
(2019, 2, 19, 'Философия', 4),
(2019, 2, 20, 'Философия', 5),
(2019, 2, 6, 'Философия', 4),
(2019, 2, 7, 'Философия', 4),
(2019, 2, 8, 'Философия', 4),
(2019, 2, 9, 'Философия', 4),
(2019, 2, 10, 'Философия', 4),
(2019, 2, 21, 'Философия', 4),
(2019, 2, 22, 'Философия', 4),
(2019, 2, 23, 'Философия', 4),
(2019, 2, 24, 'Философия', 4),
(2019, 2, 25, 'Философия', 5),
(2019, 2, 11, 'Философия', 4),
(2019, 2, 12, 'Философия', 4),
(2019, 2, 13, 'Философия', 4),
(2019, 2, 14, 'Философия', 4),
(2019, 2, 15, 'Философия', 4),
(2019, 2, 26, 'Философия', 5),
(2019, 2, 27, 'Философия', 4),
(2019, 2, 28, 'Философия', 4),
(2019, 2, 29, 'Философия', 5),
(2019, 2, 30, 'Философия', 4);